CookerStat, GenerateAssetRegistry=0.048358, Initialize=0.190824, RunGuid=RunID18906ED747728343C32502894AD2D1DB
DDCTransactionIdAE60233C4009601248E2B2A67922CB67_0, PutCachedData=, CacheKey=DIST_STATICMESH_37403C6FB9441A6992E4CB614156E6A_8C68575CEF434CA8A9E1DA4AED8A47__5659E4126C60343FF7CCE91B3B3AAD138D83CA54, StartTime=2016.06.19-18.08.08, HierarchicalDDC=, DataSize=246135, Duration=5.231459, RunGuid=RunID18906ED747728343C32502894AD2D1DB
